customer_id,country,age,income_level,acquisition_channel,tenure_days,total_orders,total_spent,avg_order_value,return_rate,satisfaction_score,email_open_rate,email_click_rate,customer_segment,last_purchase_days_ago
CUST_00001,Canada,39,Low,Direct,640,82,2623.51,31.99,0.285,3.4,0.433,0.12,Premium,12
CUST_00002,Australia,37,Medium,Email,670,52,4025.19,77.41,0.192,3.9,0.49,0.049,Premium,20
CUST_00003,UK,43,Medium,Paid Search,225,8,1333.97,166.75,0.157,3.7,0.504,0.125,Standard,4
CUST_00004,Germany,60,Medium,Social Media,68,1,147.8,147.8,0.311,3.1,0.242,0.046,Budget,11
CUST_00005,Japan,35,Low,Social Media,77,4,173.4,43.35,0.09,4.3,0.455,0.082,Budget,15
CUST_00006,Japan,39,Medium,Referral,210,20,962.61,48.13,0.241,4.1,0.437,0.105,Standard,39
CUST_00007,Germany,69,Low,Referral,677,66,1910.96,28.95,0.262,3.2,0.192,0.047,Premium,43
CUST_00008,Canada,69,Medium,Organic Search,354,42,2053.33,48.89,0.273,2.8,0.548,0.081,Premium,28
CUST_00009,Japan,41,Low,Referral,82,3,305.37,101.79,0.204,3.9,0.356,0.036,Standard,26
CUST_00010,UK,53,Medium,Paid Search,14,1,90.33,90.33,0.306,3.3,0.141,0.028,Budget,2
CUST_00011,Japan,37,Medium,Social Media,102,4,557.82,139.46,0.114,4.9,0.277,0.054,Standard,35
CUST_00012,Japan,64,Medium,Referral,463,23,1536.94,66.82,0.042,5.0,0.336,0.097,Premium,48
CUST_00013,UK,53,Medium,Paid Search,415,26,2117.55,81.44,0.088,4.4,0.37,0.085,Premium,32
CUST_00014,France,40,Medium,Paid Search,345,9,1201.05,133.45,0.216,3.8,0.316,0.032,Standard,11
CUST_00015,Germany,55,Low,Paid Search,655,61,2644.59,43.35,0.165,4.1,0.261,0.054,Premium,48
CUST_00016,Australia,66,Medium,Paid Search,454,32,1674.64,52.33,0.336,3.2,0.2,0.027,Premium,19
CUST_00017,France,50,Medium,Organic Search,122,16,624.42,39.03,0.158,3.4,0.569,0.094,Standard,26
CUST_00018,UK,48,Medium,Email,409,24,1845.44,76.89,0.154,4.7,0.389,0.067,Premium,10
CUST_00019,UK,50,Low,Direct,54,8,176.07,22.01,0.396,2.6,0.48,0.138,Budget,15
CUST_00020,France,19,Medium,Social Media,277,17,1018.53,59.91,0.277,3.4,0.284,0.073,Premium,15
CUST_00021,Australia,60,Medium,Email,384,57,1480.26,25.97,0.198,4.4,0.49,0.106,Premium,15
CUST_00022,Australia,29,Medium,Organic Search,496,55,2347.55,42.68,0.236,3.3,0.282,0.08,Premium,12
CUST_00023,Canada,63,Medium,Paid Search,360,51,1484.68,29.11,0.134,4.4,0.132,0.033,Premium,5
CUST_00024,Australia,42,Medium,Referral,446,55,2416.16,43.93,0.242,2.8,0.464,0.086,Premium,23
CUST_00025,UK,42,Medium,Direct,559,43,2665.85,62.0,0.173,4.5,0.319,0.059,Premium,16
CUST_00026,Japan,58,Medium,Direct,435,66,2422.57,36.71,0.256,3.8,0.551,0.065,Premium,28
CUST_00027,Canada,36,High,Social Media,638,39,3875.2,99.36,0.243,3.6,0.539,0.149,Premium,12
CUST_00028,Japan,65,High,Email,436,34,2432.21,71.54,0.201,4.9,0.407,0.076,Premium,33
CUST_00029,UK,67,High,Social Media,648,101,5122.09,50.71,0.274,4.2,0.404,0.117,Premium,44
CUST_00030,France,69,Low,Email,266,56,924.64,16.51,0.183,3.9,0.354,0.09,Standard,30
CUST_00031,Australia,34,High,Organic Search,158,5,1187.82,237.56,0.224,3.5,0.541,0.095,Standard,49
CUST_00032,UK,56,Medium,Paid Search,155,4,640.68,160.17,0.286,3.3,0.512,0.12,Standard,12
CUST_00033,Japan,46,Medium,Social Media,340,38,1237.25,32.56,0.195,4.3,0.486,0.055,Premium,49
CUST_00034,Japan,45,Low,Referral,565,72,2205.21,30.63,0.184,4.7,0.378,0.106,Premium,32
CUST_00035,UK,63,Medium,Paid Search,75,14,497.84,35.56,0.138,5.0,0.422,0.095,Standard,17
CUST_00036,USA,48,Medium,Email,342,33,1709.16,51.79,0.239,3.9,0.348,0.077,Premium,21
CUST_00037,Japan,53,Medium,Paid Search,583,63,2785.29,44.21,0.11,5.0,0.386,0.091,Premium,24
CUST_00038,Germany,49,Medium,Referral,428,21,1568.31,74.68,0.073,5.0,0.578,0.157,Premium,20
CUST_00039,Germany,33,Low,Paid Search,546,15,1274.34,84.96,0.203,3.9,0.379,0.079,Premium,23
CUST_00040,Germany,60,Medium,Paid Search,143,36,1042.62,28.96,0.216,3.4,0.403,0.063,Premium,17
CUST_00041,France,23,Medium,Paid Search,500,84,2020.8,24.06,0.29,3.6,0.35,0.05,Premium,53
CUST_00042,Australia,36,Low,Email,32,1,87.01,87.01,0.05,5.0,0.483,0.103,Budget,13
CUST_00043,USA,56,Low,Paid Search,168,12,491.39,40.95,0.182,5.0,0.411,0.092,Standard,57
CUST_00044,UK,69,Medium,Direct,93,8,372.39,46.55,0.216,4.1,0.364,0.075,Standard,37
CUST_00045,France,54,Medium,Organic Search,515,92,1922.89,20.9,0.191,4.2,0.17,0.042,Premium,51
CUST_00046,Germany,43,Medium,Paid Search,526,65,1703.37,26.21,0.356,2.6,0.548,0.108,Premium,34
CUST_00047,UK,28,Medium,Email,135,16,452.06,28.25,0.205,4.1,0.426,0.12,Standard,38
CUST_00048,Germany,45,Medium,Referral,336,26,1259.56,48.44,0.193,4.1,0.443,0.099,Premium,47
CUST_00049,Australia,54,Medium,Organic Search,218,55,947.96,17.24,0.307,2.6,0.406,0.078,Standard,54
CUST_00050,Japan,52,Medium,Referral,220,13,977.94,75.23,0.23,3.2,0.491,0.136,Standard,50
CUST_00051,Canada,35,Medium,Direct,380,25,1697.29,67.89,0.089,5.0,0.382,0.044,Premium,51
CUST_00052,Japan,43,High,Social Media,178,10,961.19,96.12,0.145,4.4,0.533,0.118,Standard,2
CUST_00053,France,57,Medium,Social Media,96,15,523.02,34.87,0.373,2.5,0.547,0.14,Standard,3
CUST_00054,USA,39,Low,Paid Search,503,41,1179.82,28.78,0.385,2.9,0.485,0.112,Premium,47
CUST_00055,UK,69,High,Organic Search,534,42,5507.82,131.14,0.245,3.4,0.38,0.095,Premium,6
CUST_00056,USA,37,Medium,Email,30,3,139.58,46.53,0.088,5.0,0.47,0.129,Budget,10
CUST_00057,USA,66,Medium,Referral,205,10,939.37,93.94,0.068,4.5,0.449,0.11,Standard,25
CUST_00058,Canada,68,Medium,Email,647,46,3271.9,71.13,0.179,4.4,0.381,0.076,Premium,44
CUST_00059,Germany,61,Low,Direct,656,37,1682.59,45.48,0.21,4.6,0.259,0.045,Premium,52
CUST_00060,USA,64,Medium,Social Media,193,12,968.66,80.72,0.113,4.8,0.337,0.084,Standard,33
CUST_00061,Australia,44,Low,Direct,81,2,163.71,81.86,0.314,3.3,0.507,0.115,Budget,1
CUST_00062,France,39,Medium,Referral,464,22,1587.11,72.14,0.136,4.3,0.501,0.084,Premium,27
CUST_00063,Australia,21,Medium,Paid Search,85,9,324.57,36.06,0.159,4.8,0.355,0.043,Standard,26
CUST_00064,Germany,52,Low,Direct,554,23,2476.97,107.69,0.02,4.6,0.435,0.128,Premium,33
CUST_00065,Australia,19,Low,Referral,718,107,1474.58,13.78,0.026,5.0,0.463,0.129,Premium,41
CUST_00066,Japan,33,Medium,Paid Search,448,31,1390.22,44.85,0.081,5.0,0.449,0.072,Premium,10
CUST_00067,Germany,65,Low,Social Media,377,14,1537.86,109.85,0.218,3.9,0.459,0.058,Premium,28
CUST_00068,UK,31,Medium,Paid Search,437,35,2475.93,70.74,0.142,3.7,0.47,0.048,Premium,23
CUST_00069,Germany,20,Medium,Referral,676,138,3775.34,27.36,0.263,3.6,0.356,0.042,Premium,34
CUST_00070,Australia,22,Medium,Direct,272,56,1182.44,21.11,0.092,4.9,0.538,0.149,Premium,50
CUST_00071,USA,66,Medium,Email,681,76,4965.83,65.34,0.24,3.2,0.302,0.06,Premium,52
CUST_00072,USA,66,High,Direct,381,35,3176.83,90.77,0.225,3.9,0.382,0.087,Premium,57
CUST_00073,Canada,41,Medium,Direct,526,25,1979.17,79.17,0.163,4.5,0.306,0.037,Premium,18
CUST_00074,USA,25,Low,Referral,79,19,326.65,17.19,0.257,3.7,0.3,0.032,Standard,4
CUST_00075,France,52,Medium,Referral,102,3,368.22,122.74,0.247,3.4,0.259,0.045,Standard,49
CUST_00076,USA,20,High,Direct,593,42,4260.78,101.45,0.194,4.0,0.539,0.102,Premium,16
CUST_00077,Japan,49,Medium,Direct,605,39,2429.9,62.31,0.104,4.3,0.452,0.049,Premium,27
CUST_00078,Australia,24,Low,Social Media,341,38,906.58,23.86,0.245,4.0,0.444,0.056,Standard,20
CUST_00079,USA,30,Medium,Organic Search,203,42,1044.9,24.88,0.131,3.9,0.354,0.098,Premium,47
CUST_00080,Germany,69,High,Email,704,116,6939.32,59.82,0.156,4.1,0.46,0.118,Premium,57
CUST_00081,Germany,48,Medium,Paid Search,135,9,584.43,64.94,0.124,4.5,0.316,0.087,Standard,8
CUST_00082,Canada,65,Medium,Paid Search,668,84,4001.88,47.64,0.132,4.1,0.177,0.035,Premium,14
CUST_00083,France,25,Medium,Email,694,84,2438.85,29.03,0.323,3.2,0.425,0.068,Premium,53
CUST_00084,USA,48,Medium,Social Media,265,7,1094.32,156.33,0.296,3.6,0.277,0.07,Standard,31
CUST_00085,Australia,54,High,Social Media,725,62,7783.51,125.54,0.061,5.0,0.493,0.073,Premium,54
CUST_00086,Germany,50,Low,Social Media,404,67,1424.61,21.26,0.05,5.0,0.524,0.08,Premium,46
CUST_00087,Canada,57,Medium,Paid Search,721,53,4674.59,88.2,0.224,3.9,0.544,0.11,Premium,44
CUST_00088,Germany,52,Medium,Paid Search,215,26,1084.14,41.7,0.235,3.6,0.324,0.047,Premium,16
CUST_00089,France,46,Low,Email,466,61,1467.49,24.06,0.098,4.8,0.189,0.04,Premium,47
CUST_00090,Japan,44,Low,Paid Search,499,24,1112.1,46.34,0.035,4.4,0.347,0.051,Premium,9
CUST_00091,Germany,54,Medium,Direct,675,71,2551.51,35.94,0.277,3.3,0.398,0.082,Premium,50
CUST_00092,USA,39,Medium,Paid Search,511,76,1645.77,21.65,0.3,3.4,0.416,0.045,Premium,20
CUST_00093,Germany,45,Medium,Organic Search,178,8,661.65,82.71,0.134,4.3,0.372,0.074,Standard,58
CUST_00094,Canada,43,Medium,Paid Search,381,9,1377.12,153.01,0.346,2.9,0.442,0.053,Standard,4
CUST_00095,Japan,66,High,Social Media,238,20,2590.79,129.54,0.277,3.5,0.542,0.067,Premium,3
CUST_00096,Japan,24,Low,Paid Search,367,12,1028.53,85.71,0.098,4.9,0.426,0.055,Premium,17
CUST_00097,Japan,40,Low,Social Media,592,43,1169.21,27.19,0.209,3.5,0.462,0.076,Premium,33
CUST_00098,UK,33,Medium,Social Media,111,15,416.51,27.77,0.238,3.8,0.479,0.141,Standard,5
CUST_00099,Australia,31,Medium,Organic Search,330,37,1119.99,30.27,0.177,4.1,0.517,0.121,Premium,28
CUST_00100,Japan,28,Medium,Direct,454,71,2681.25,37.76,0.367,3.3,0.329,0.062,Premium,37
CUST_00101,Australia,60,High,Paid Search,360,30,3092.73,103.09,0.124,5.0,0.406,0.075,Premium,29
CUST_00102,Japan,21,High,Paid Search,331,60,2308.45,38.47,0.284,3.3,0.46,0.089,Premium,41
CUST_00103,Australia,48,Medium,Email,372,22,1374.71,62.49,0.235,3.7,0.378,0.04,Premium,37
CUST_00104,USA,46,Low,Social Media,425,20,972.79,48.64,0.322,2.3,0.528,0.062,Standard,19
CUST_00105,Australia,19,Low,Referral,274,67,608.8,9.09,0.311,3.8,0.564,0.098,Standard,7
CUST_00106,USA,61,High,Paid Search,384,23,2348.91,102.13,0.317,2.8,0.335,0.043,Premium,30
CUST_00107,France,55,Medium,Direct,23,2,114.9,57.45,0.232,4.3,0.405,0.12,Budget,4
CUST_00108,France,25,Low,Email,291,9,847.31,94.15,0.023,4.8,0.452,0.117,Standard,12
CUST_00109,Australia,32,Low,Social Media,513,12,1222.17,101.85,0.205,4.7,0.273,0.069,Premium,13
CUST_00110,UK,53,Low,Email,147,11,442.8,40.25,0.263,2.8,0.363,0.094,Standard,8
CUST_00111,USA,48,Medium,Social Media,77,1,159.94,159.94,0.392,2.8,0.352,0.087,Budget,39
CUST_00112,USA,46,Low,Email,165,24,564.07,23.5,0.165,4.2,0.552,0.066,Standard,33
CUST_00113,Canada,25,Medium,Paid Search,179,4,434.44,108.61,0.119,4.9,0.424,0.068,Standard,7
CUST_00114,France,42,Low,Organic Search,408,28,1183.3,42.26,0.249,3.4,0.463,0.097,Premium,35
CUST_00115,UK,51,Medium,Social Media,110,10,575.15,57.51,0.115,4.6,0.434,0.082,Standard,24
CUST_00116,Japan,59,Low,Direct,286,30,973.89,32.46,0.195,4.1,0.398,0.078,Standard,55
CUST_00117,Canada,28,Medium,Paid Search,17,2,68.99,34.5,0.076,5.0,0.445,0.072,Budget,6
CUST_00118,Germany,37,Medium,Paid Search,676,84,3406.35,40.55,0.104,4.6,0.263,0.069,Premium,43
CUST_00119,USA,58,Low,Social Media,440,50,1138.78,22.78,0.106,4.7,0.178,0.03,Premium,1
CUST_00120,France,69,High,Direct,31,1,139.6,139.6,0.15,4.1,0.277,0.054,Budget,3
CUST_00121,Japan,43,Medium,Email,623,41,2461.84,60.04,0.153,4.9,0.461,0.092,Premium,54
CUST_00122,Canada,38,Low,Organic Search,245,17,780.19,45.89,0.306,3.5,0.343,0.075,Standard,51
CUST_00123,Germany,65,Medium,Social Media,397,16,2737.62,171.1,0.177,5.0,0.321,0.072,Premium,32
CUST_00124,Germany,38,Medium,Social Media,285,24,1821.93,75.91,0.325,3.4,0.317,0.094,Premium,44
CUST_00125,USA,32,Medium,Email,75,4,227.8,56.95,0.197,5.0,0.472,0.11,Budget,11
CUST_00126,Canada,45,High,Paid Search,698,62,5250.75,84.69,0.199,4.2,0.214,0.028,Premium,57
CUST_00127,Australia,47,Medium,Social Media,347,82,1848.26,22.54,0.04,5.0,0.518,0.121,Premium,28
CUST_00128,Japan,53,Medium,Social Media,413,53,2333.28,44.02,0.139,4.0,0.461,0.085,Premium,42
CUST_00129,Australia,62,Medium,Direct,284,8,1275.65,159.46,0.095,5.0,0.488,0.114,Standard,33
CUST_00130,Canada,48,Medium,Referral,705,121,4086.04,33.77,0.278,3.5,0.225,0.065,Premium,6
CUST_00131,Australia,32,Low,Referral,485,44,1578.2,35.87,0.084,4.3,0.405,0.1,Premium,52
CUST_00132,France,65,High,Email,41,6,253.87,42.31,0.18,3.8,0.478,0.078,Budget,37
CUST_00133,UK,69,High,Paid Search,465,51,4737.21,92.89,0.079,5.0,0.266,0.076,Premium,25
CUST_00134,France,52,Low,Email,434,30,1725.89,57.53,0.242,3.6,0.08,0.019,Premium,37
CUST_00135,Canada,65,Low,Direct,256,24,688.67,28.69,0.038,5.0,0.454,0.055,Standard,59
CUST_00136,USA,47,Medium,Referral,143,14,775.78,55.41,0.182,4.3,0.451,0.067,Standard,3
CUST_00137,Canada,30,High,Organic Search,607,204,4776.46,23.41,0.288,3.2,0.467,0.089,Premium,17
CUST_00138,UK,30,Medium,Referral,499,82,2434.04,29.68,0.226,4.2,0.274,0.046,Premium,36
CUST_00139,Germany,34,Medium,Social Media,130,16,502.39,31.4,0.3,3.6,0.38,0.039,Standard,10
CUST_00140,France,25,High,Direct,702,40,3045.94,76.15,0.227,3.7,0.332,0.092,Premium,59
CUST_00141,Australia,22,Medium,Referral,375,48,1581.52,32.95,0.132,4.1,0.373,0.047,Premium,15
CUST_00142,USA,46,Medium,Referral,687,38,2697.41,70.98,0.289,3.5,0.532,0.143,Premium,39
CUST_00143,Australia,60,Medium,Referral,68,8,481.65,60.21,0.038,4.9,0.352,0.045,Standard,33
CUST_00144,Germany,53,Medium,Social Media,656,91,3747.98,41.19,0.175,4.3,0.569,0.15,Premium,39
CUST_00145,UK,19,Medium,Referral,506,67,1439.89,21.49,0.336,2.6,0.398,0.069,Premium,49
CUST_00146,Japan,58,High,Paid Search,145,14,1285.68,91.83,0.276,3.2,0.199,0.051,Premium,12
CUST_00147,France,37,Low,Direct,596,63,2250.54,35.72,0.107,4.7,0.351,0.037,Premium,40
CUST_00148,UK,51,Low,Referral,695,55,2024.0,36.8,0.4,2.6,0.411,0.058,Premium,40
CUST_00149,Australia,63,Low,Paid Search,261,12,786.39,65.53,0.314,4.2,0.502,0.133,Standard,46
CUST_00150,Germany,35,High,Social Media,637,40,4569.45,114.24,0.104,5.0,0.564,0.135,Premium,26
CUST_00151,UK,30,Medium,Social Media,58,1,150.82,150.82,0.124,5.0,0.265,0.034,Budget,3
CUST_00152,USA,62,Medium,Direct,677,76,4767.34,62.73,0.179,4.0,0.333,0.062,Premium,51
CUST_00153,USA,53,Medium,Email,615,40,2678.37,66.96,0.368,3.6,0.314,0.087,Premium,37
CUST_00154,UK,38,Low,Social Media,104,4,170.93,42.73,0.456,2.9,0.264,0.045,Budget,22
CUST_00155,UK,35,Low,Email,486,41,1244.49,30.35,0.326,3.1,0.35,0.092,Premium,37
CUST_00156,Japan,61,Medium,Referral,477,96,2666.88,27.78,0.272,3.7,0.397,0.09,Premium,4
CUST_00157,Japan,63,Low,Referral,706,56,2331.85,41.64,0.182,4.0,0.245,0.047,Premium,36
CUST_00158,Australia,54,Medium,Direct,516,38,2727.42,71.77,0.13,4.0,0.318,0.058,Premium,22
CUST_00159,Australia,46,High,Direct,575,73,3729.59,51.09,0.137,4.8,0.312,0.035,Premium,34
CUST_00160,Germany,56,Low,Referral,355,33,1270.62,38.5,0.102,5.0,0.488,0.059,Premium,50
CUST_00161,Australia,18,Low,Email,92,5,212.87,42.57,0.07,4.7,0.316,0.042,Budget,48
CUST_00162,USA,28,Medium,Email,500,40,2044.71,51.12,0.317,3.6,0.304,0.076,Premium,38
CUST_00163,Australia,31,High,Email,128,19,735.98,38.74,0.068,4.8,0.319,0.065,Standard,37
CUST_00164,Canada,55,Medium,Organic Search,557,95,3670.92,38.64,0.229,4.1,0.434,0.089,Premium,23
CUST_00165,UK,32,Low,Paid Search,240,8,612.33,76.54,0.333,2.9,0.4,0.091,Standard,49
CUST_00166,Canada,53,High,Organic Search,174,9,979.56,108.84,0.255,3.5,0.275,0.077,Standard,34
CUST_00167,Germany,39,Medium,Direct,712,26,3542.52,136.25,0.152,5.0,0.411,0.072,Premium,43
CUST_00168,UK,51,Low,Direct,478,14,1696.07,121.15,0.179,3.9,0.384,0.096,Premium,29
CUST_00169,Japan,52,Low,Referral,27,2,63.67,31.83,0.242,3.3,0.017,0.003,Budget,26
CUST_00170,Germany,23,Low,Paid Search,292,74,737.6,9.97,0.292,4.1,0.222,0.028,Standard,10
CUST_00171,France,64,High,Referral,58,4,528.26,132.06,0.128,5.0,0.489,0.069,Standard,19
CUST_00172,Germany,20,Medium,Direct,368,20,1150.34,57.52,0.131,4.6,0.361,0.106,Premium,7
CUST_00173,USA,64,Medium,Email,545,94,4320.37,45.96,0.141,4.0,0.171,0.042,Premium,7
CUST_00174,Canada,53,High,Organic Search,630,80,5010.23,62.63,0.235,3.7,0.338,0.072,Premium,46
CUST_00175,Germany,24,High,Social Media,290,9,1389.82,154.42,0.226,3.6,0.33,0.097,Standard,5
CUST_00176,USA,33,Medium,Paid Search,385,69,1614.89,23.4,0.141,5.0,0.504,0.141,Premium,30
CUST_00177,France,24,Medium,Paid Search,503,64,2183.78,34.12,0.31,3.4,0.539,0.138,Premium,37
CUST_00178,France,39,Low,Organic Search,166,31,492.55,15.89,0.198,4.1,0.514,0.132,Standard,57
CUST_00179,Canada,63,Medium,Email,27,3,89.66,29.89,0.377,2.3,0.354,0.073,Budget,2
CUST_00180,Canada,22,High,Social Media,342,35,1775.95,50.74,0.193,4.3,0.294,0.088,Premium,33
CUST_00181,Japan,27,Medium,Social Media,412,37,1833.81,49.56,0.103,5.0,0.365,0.102,Premium,28
CUST_00182,UK,18,Low,Paid Search,134,21,357.28,17.01,0.334,3.3,0.339,0.082,Standard,21
CUST_00183,France,62,Medium,Social Media,474,20,2771.5,138.58,0.246,3.0,0.297,0.089,Premium,35
CUST_00184,Canada,62,Low,Direct,197,32,932.44,29.14,0.192,3.5,0.3,0.069,Standard,59
CUST_00185,Canada,41,Low,Email,550,142,2419.76,17.04,0.165,4.9,0.538,0.098,Premium,44
CUST_00186,Japan,57,Medium,Direct,244,29,1088.06,37.52,0.145,5.0,0.511,0.108,Premium,19
CUST_00187,UK,43,Low,Social Media,136,16,368.98,23.06,0.136,4.6,0.507,0.085,Standard,15
CUST_00188,USA,43,High,Paid Search,551,28,2988.56,106.73,0.246,3.7,0.231,0.036,Premium,32
CUST_00189,Canada,58,Low,Paid Search,256,48,1203.28,25.07,0.231,4.1,0.389,0.044,Premium,41
CUST_00190,France,54,Medium,Organic Search,110,11,609.91,55.45,0.262,3.8,0.322,0.033,Standard,31
CUST_00191,Australia,29,Medium,Organic Search,514,33,2384.5,72.26,0.098,4.1,0.175,0.052,Premium,43
CUST_00192,UK,42,Medium,Email,117,7,442.77,63.25,0.184,4.4,0.411,0.11,Standard,40
CUST_00193,Canada,31,Medium,Organic Search,395,45,1202.44,26.72,0.344,3.3,0.267,0.053,Premium,38
CUST_00194,USA,34,Low,Referral,264,29,966.29,33.32,0.326,3.0,0.536,0.156,Standard,48
CUST_00195,USA,33,High,Organic Search,167,5,980.04,196.01,0.091,4.9,0.385,0.07,Standard,14
CUST_00196,Australia,44,Medium,Organic Search,524,51,2288.11,44.86,0.184,4.2,0.413,0.087,Premium,22
CUST_00197,Germany,35,Medium,Social Media,76,13,346.22,26.63,0.35,3.1,0.49,0.066,Standard,14
CUST_00198,Germany,42,Medium,Social Media,529,53,2701.23,50.97,0.341,3.3,0.415,0.115,Premium,34
CUST_00199,Japan,65,High,Paid Search,101,7,595.78,85.11,0.217,4.0,0.545,0.132,Standard,53
CUST_00200,USA,28,Medium,Direct,399,26,1501.47,57.75,0.17,3.4,0.347,0.076,Premium,11
CUST_00201,France,66,Medium,Paid Search,483,35,2541.16,72.6,0.139,5.0,0.312,0.041,Premium,38
CUST_00202,Canada,20,Medium,Social Media,567,47,1554.62,33.08,0.28,4.0,0.554,0.114,Premium,37
CUST_00203,Germany,41,Medium,Direct,664,48,2877.61,59.95,0.264,3.7,0.565,0.158,Premium,53
CUST_00204,Germany,31,Low,Referral,308,52,1133.5,21.8,0.248,3.3,0.157,0.047,Premium,18
CUST_00205,France,45,Low,Organic Search,485,31,1855.74,59.86,0.065,5.0,0.353,0.045,Premium,41
CUST_00206,UK,64,High,Direct,578,99,6754.54,68.23,0.334,3.3,0.468,0.054,Premium,25
CUST_00207,Australia,32,Low,Social Media,529,35,1334.33,38.12,0.289,3.4,0.254,0.055,Premium,55
CUST_00208,UK,53,High,Direct,699,93,4848.46,52.13,0.298,4.3,0.496,0.089,Premium,48
CUST_00209,France,49,Medium,Email,83,6,422.47,70.41,0.258,3.1,0.478,0.054,Standard,40
CUST_00210,Japan,33,High,Email,505,76,4241.45,55.81,0.085,4.7,0.263,0.056,Premium,51
CUST_00211,UK,20,Low,Email,432,50,1195.82,23.92,0.074,5.0,0.518,0.105,Premium,45
CUST_00212,UK,30,Medium,Direct,671,16,1897.64,118.6,0.219,4.0,0.409,0.066,Premium,3
CUST_00213,Japan,66,High,Direct,219,6,1248.99,208.16,0.116,4.8,0.485,0.135,Standard,36
CUST_00214,Germany,54,High,Social Media,230,22,1965.74,89.35,0.151,3.6,0.509,0.118,Premium,22
CUST_00215,USA,34,Medium,Social Media,567,62,2649.82,42.74,0.192,4.2,0.415,0.098,Premium,18
CUST_00216,Australia,48,Medium,Organic Search,322,15,985.16,65.68,0.17,4.2,0.485,0.127,Standard,32
CUST_00217,Australia,47,Medium,Social Media,528,15,2645.54,176.37,0.152,4.0,0.295,0.047,Premium,7
CUST_00218,France,44,Medium,Email,588,97,3727.99,38.43,0.017,5.0,0.396,0.063,Premium,16
CUST_00219,France,28,Medium,Organic Search,572,42,3009.79,71.66,0.3,3.0,0.513,0.103,Premium,53
CUST_00220,Japan,57,Low,Referral,79,2,208.32,104.16,0.153,4.5,0.366,0.106,Budget,1
CUST_00221,France,52,Medium,Paid Search,246,58,1755.51,30.27,0.237,3.5,0.497,0.144,Premium,42
CUST_00222,Germany,69,Low,Organic Search,538,76,2645.2,34.81,0.193,3.5,0.467,0.138,Premium,39
CUST_00223,Japan,67,Medium,Direct,385,51,2456.3,48.16,0.084,4.5,0.422,0.063,Premium,42
CUST_00224,Australia,68,Medium,Referral,575,53,2925.13,55.19,0.097,4.4,0.236,0.052,Premium,47
CUST_00225,UK,25,Medium,Paid Search,438,54,2675.1,49.54,0.326,2.7,0.44,0.049,Premium,17
CUST_00226,Germany,41,Medium,Referral,709,144,3927.15,27.27,0.262,4.5,0.267,0.059,Premium,21
CUST_00227,Germany,68,Medium,Paid Search,103,16,800.02,50.0,0.136,4.4,0.44,0.064,Standard,22
CUST_00228,Australia,49,Low,Social Media,716,111,3332.54,30.02,0.157,4.5,0.369,0.067,Premium,21
CUST_00229,France,55,Low,Direct,383,42,1733.73,41.28,0.344,2.9,0.305,0.073,Premium,6
CUST_00230,USA,63,High,Social Media,95,7,508.93,72.7,0.202,4.6,0.515,0.063,Standard,21
CUST_00231,UK,22,Medium,Referral,605,76,2122.55,27.93,0.206,4.4,0.153,0.043,Premium,59
CUST_00232,Japan,48,Low,Email,494,127,2146.52,16.9,0.2,4.1,0.575,0.098,Premium,22
CUST_00233,Australia,48,Medium,Organic Search,95,10,486.87,48.69,0.124,4.1,0.415,0.115,Standard,19
CUST_00234,Japan,49,High,Paid Search,301,31,2743.25,88.49,0.252,3.4,0.326,0.094,Premium,51
CUST_00235,Australia,69,Low,Paid Search,64,7,233.45,33.35,0.406,2.7,0.526,0.067,Budget,43
CUST_00236,Japan,43,Medium,Paid Search,206,6,724.69,120.78,0.08,5.0,0.476,0.129,Standard,17
CUST_00237,Canada,61,Medium,Referral,162,11,790.15,71.83,0.228,4.1,0.487,0.06,Standard,12
CUST_00238,Germany,29,Medium,Social Media,325,41,1543.69,37.65,0.131,5.0,0.343,0.069,Premium,24
CUST_00239,UK,63,Medium,Social Media,40,3,194.87,64.96,0.118,4.5,0.109,0.021,Budget,31
CUST_00240,USA,55,Medium,Direct,456,40,2164.47,54.11,0.366,2.4,0.506,0.077,Premium,46
CUST_00241,Germany,33,Low,Social Media,146,8,434.81,54.35,0.195,4.3,0.289,0.046,Standard,18
CUST_00242,France,25,Medium,Direct,448,15,2016.74,134.45,0.211,4.4,0.454,0.074,Premium,23
CUST_00243,Canada,33,High,Email,32,2,222.24,111.12,0.134,5.0,0.357,0.056,Budget,10
CUST_00244,USA,49,Low,Email,481,29,1603.07,55.28,0.254,3.7,0.461,0.127,Premium,46
CUST_00245,USA,68,Medium,Paid Search,316,36,2273.2,63.14,0.33,2.7,0.121,0.028,Premium,33
CUST_00246,Japan,54,Medium,Email,178,7,872.15,124.59,0.123,5.0,0.131,0.024,Standard,7
CUST_00247,Germany,37,Medium,Social Media,524,73,2295.13,31.44,0.254,3.9,0.565,0.063,Premium,13
CUST_00248,Australia,46,High,Social Media,140,27,1052.39,38.98,0.258,3.1,0.478,0.13,Premium,37
CUST_00249,USA,37,Low,Paid Search,595,83,1825.74,22.0,0.114,4.3,0.374,0.056,Premium,54
CUST_00250,Australia,23,Medium,Referral,293,34,1245.54,36.63,0.164,3.1,0.47,0.084,Premium,13
CUST_00251,USA,52,High,Email,23,4,180.65,45.16,0.111,4.7,0.462,0.057,Budget,10
CUST_00252,UK,56,Low,Referral,95,3,343.36,114.45,0.377,3.0,0.522,0.103,Standard,49
CUST_00253,USA,58,Medium,Social Media,633,54,4860.99,90.02,0.26,3.9,0.157,0.034,Premium,42
CUST_00254,UK,43,Low,Email,129,7,360.57,51.51,0.082,5.0,0.387,0.088,Standard,50
CUST_00255,Germany,42,High,Email,200,36,1828.55,50.79,0.144,4.7,0.529,0.157,Premium,48
CUST_00256,Japan,62,Low,Social Media,675,77,2455.79,31.89,0.08,5.0,0.487,0.069,Premium,3
CUST_00257,Australia,39,Low,Email,406,65,1181.35,18.17,0.476,2.1,0.468,0.136,Premium,41
CUST_00258,Australia,63,Low,Organic Search,223,26,813.63,31.29,0.301,3.0,0.447,0.078,Standard,28
CUST_00259,Canada,20,Low,Email,175,25,336.6,13.46,0.221,3.8,0.514,0.093,Standard,18
CUST_00260,Australia,62,Low,Direct,105,12,372.49,31.04,0.222,4.4,0.539,0.094,Standard,56
CUST_00261,Japan,33,Low,Social Media,343,34,1048.74,30.85,0.077,4.9,0.418,0.066,Premium,2
CUST_00262,France,37,Medium,Email,714,59,3320.45,56.28,0.253,4.0,0.192,0.042,Premium,51
CUST_00263,USA,57,High,Paid Search,339,30,2208.06,73.6,0.236,4.4,0.304,0.046,Premium,1
CUST_00264,Germany,62,High,Social Media,306,58,3327.31,57.37,0.156,5.0,0.5,0.129,Premium,49
CUST_00265,Japan,21,Medium,Direct,306,9,1277.31,141.92,0.164,4.3,0.475,0.095,Standard,52
CUST_00266,Japan,38,Low,Paid Search,96,6,160.01,26.67,0.221,3.7,0.418,0.121,Budget,25
CUST_00267,Japan,31,Medium,Organic Search,378,42,2195.47,52.27,0.096,5.0,0.395,0.114,Premium,32
CUST_00268,Australia,60,Medium,Email,71,7,439.74,62.82,0.212,4.2,0.48,0.063,Standard,35
CUST_00269,Japan,52,Medium,Direct,448,75,2730.35,36.4,0.098,5.0,0.488,0.063,Premium,33
CUST_00270,Australia,53,Low,Email,103,19,243.59,12.82,0.274,3.1,0.291,0.033,Budget,55
CUST_00271,Germany,46,Low,Organic Search,9,1,27.06,27.06,0.221,5.0,0.377,0.082,Budget,7
CUST_00272,Germany,40,High,Referral,522,64,3877.23,60.58,0.034,4.8,0.354,0.047,Premium,6
CUST_00273,UK,55,Medium,Organic Search,557,53,2377.3,44.85,0.095,4.8,0.45,0.117,Premium,36
CUST_00274,USA,22,High,Email,697,119,5137.54,43.17,0.252,3.3,0.373,0.07,Premium,20
CUST_00275,UK,65,Medium,Direct,535,33,2829.78,85.75,0.154,5.0,0.435,0.066,Premium,40
CUST_00276,France,25,Low,Email,373,62,1412.68,22.79,0.118,4.6,0.341,0.044,Premium,14
CUST_00277,Germany,44,Medium,Social Media,209,21,1168.33,55.63,0.064,5.0,0.354,0.052,Premium,5
CUST_00278,Japan,49,Medium,Referral,73,1,128.18,128.18,0.083,5.0,0.558,0.113,Budget,7
CUST_00279,Australia,27,Low,Social Media,28,1,42.44,42.44,0.24,3.0,0.483,0.059,Budget,26
CUST_00280,UK,32,Low,Paid Search,18,1,50.19,50.19,0.167,4.0,0.564,0.105,Budget,11
CUST_00281,Germany,34,High,Social Media,418,10,1670.67,167.07,0.269,3.5,0.18,0.049,Standard,18
CUST_00282,USA,51,Low,Organic Search,584,51,2061.1,40.41,0.119,4.8,0.386,0.058,Premium,31
CUST_00283,UK,62,Medium,Email,355,34,1881.31,55.33,0.267,3.6,0.386,0.04,Premium,43
CUST_00284,USA,51,Medium,Referral,85,5,416.69,83.34,0.346,2.6,0.465,0.066,Standard,30
CUST_00285,UK,35,Medium,Email,407,69,2282.94,33.09,0.365,3.3,0.467,0.066,Premium,16
CUST_00286,France,31,Low,Social Media,2,1,12.91,12.91,0.039,4.7,0.388,0.05,Budget,1
CUST_00287,Germany,51,Medium,Direct,523,60,3118.8,51.98,0.273,3.4,0.458,0.05,Premium,29
CUST_00288,France,43,Low,Referral,634,47,2452.34,52.18,0.168,4.1,0.508,0.077,Premium,15
CUST_00289,UK,26,Low,Organic Search,653,61,1745.86,28.62,0.106,5.0,0.118,0.031,Premium,4
CUST_00290,France,22,High,Paid Search,622,104,2749.65,26.44,0.121,4.4,0.547,0.131,Premium,23
CUST_00291,Japan,49,Medium,Direct,671,56,2961.91,52.89,0.418,2.9,0.535,0.113,Premium,30
CUST_00292,Germany,47,High,Direct,164,24,1554.61,64.78,0.154,4.1,0.419,0.115,Premium,3
CUST_00293,France,37,Low,Paid Search,162,18,615.55,34.2,0.113,5.0,0.097,0.024,Standard,30
CUST_00294,Australia,23,Medium,Email,295,10,1255.53,125.55,0.188,4.7,0.533,0.058,Standard,21
CUST_00295,USA,58,High,Social Media,7,1,218.7,218.7,0.243,4.1,0.371,0.108,Budget,5
CUST_00296,Australia,41,Medium,Direct,163,22,680.37,30.93,0.171,4.1,0.337,0.092,Standard,4
CUST_00297,France,19,Medium,Social Media,630,43,2870.62,66.76,0.175,3.8,0.348,0.069,Premium,14
CUST_00298,UK,46,Medium,Paid Search,440,29,1855.63,63.99,0.204,3.7,0.51,0.058,Premium,1
CUST_00299,Japan,22,Medium,Direct,183,22,732.43,33.29,0.229,3.5,0.378,0.076,Standard,27
CUST_00300,Germany,27,Medium,Referral,474,49,2211.4,45.13,0.214,4.1,0.191,0.031,Premium,30
CUST_00301,France,57,Low,Organic Search,548,56,1739.65,31.07,0.138,4.9,0.506,0.134,Premium,31
CUST_00302,Germany,59,Medium,Organic Search,57,2,182.09,91.04,0.09,5.0,0.384,0.042,Budget,23
CUST_00303,Canada,33,Medium,Direct,92,12,412.58,34.38,0.261,3.4,0.307,0.08,Standard,41
CUST_00304,UK,56,Medium,Referral,488,41,2081.07,50.76,0.141,4.3,0.423,0.057,Premium,41
CUST_00305,UK,40,Low,Referral,424,30,1039.58,34.65,0.086,4.8,0.557,0.125,Premium,57
CUST_00306,Canada,61,Medium,Paid Search,616,97,4083.11,42.09,0.28,4.1,0.454,0.094,Premium,55
CUST_00307,Canada,54,Low,Social Media,90,11,320.19,29.11,0.131,4.9,0.476,0.093,Standard,8
CUST_00308,UK,58,Medium,Organic Search,246,19,1721.94,90.63,0.254,3.9,0.326,0.05,Premium,44
CUST_00309,USA,52,Medium,Paid Search,153,11,975.1,88.65,0.079,4.7,0.149,0.029,Standard,20
CUST_00310,Germany,31,High,Organic Search,388,45,2481.24,55.14,0.063,5.0,0.451,0.109,Premium,47
CUST_00311,Japan,50,High,Email,404,13,3247.41,249.8,0.237,3.7,0.444,0.13,Premium,15
CUST_00312,France,37,Low,Organic Search,198,16,772.51,48.28,0.269,3.2,0.476,0.119,Standard,44
CUST_00313,Germany,38,Medium,Direct,392,22,1497.47,68.07,0.172,4.6,0.174,0.052,Premium,41
CUST_00314,France,58,Medium,Email,4,1,34.36,34.36,0.181,3.6,0.538,0.151,Budget,3
CUST_00315,Australia,58,Low,Organic Search,20,1,45.31,45.31,0.285,3.9,0.394,0.068,Budget,11
CUST_00316,Canada,18,Medium,Organic Search,185,33,775.06,23.49,0.134,4.4,0.475,0.065,Standard,6
CUST_00317,USA,52,Medium,Direct,358,43,1996.31,46.43,0.19,4.0,0.48,0.05,Premium,50
CUST_00318,Canada,54,Medium,Referral,219,16,657.96,41.12,0.344,2.1,0.395,0.084,Standard,2
CUST_00319,Germany,42,Medium,Email,130,14,594.24,42.45,0.177,4.0,0.213,0.024,Standard,50
CUST_00320,Germany,38,High,Email,614,74,4943.48,66.8,0.318,2.6,0.55,0.154,Premium,3
CUST_00321,UK,62,Low,Email,290,24,1161.26,48.39,0.117,4.7,0.54,0.129,Premium,20
CUST_00322,Australia,44,Low,Email,259,35,905.83,25.88,0.35,2.6,0.286,0.078,Standard,21
CUST_00323,UK,27,High,Direct,688,66,2642.55,40.04,0.269,3.4,0.365,0.084,Premium,18
CUST_00324,Germany,44,Medium,Organic Search,656,63,2891.43,45.9,0.112,4.9,0.347,0.101,Premium,45
CUST_00325,Japan,36,Low,Organic Search,721,81,2967.17,36.63,0.068,5.0,0.433,0.053,Premium,13
CUST_00326,Canada,46,Medium,Email,366,9,1246.92,138.55,0.219,3.7,0.298,0.046,Standard,42
CUST_00327,Canada,66,Medium,Referral,421,86,3007.22,34.97,0.22,3.3,0.494,0.068,Premium,10
CUST_00328,Australia,26,Low,Referral,142,7,298.89,42.7,0.258,4.3,0.559,0.13,Budget,32
CUST_00329,UK,20,High,Email,28,1,88.85,88.85,0.407,2.4,0.349,0.067,Budget,19
CUST_00330,Germany,54,Medium,Email,468,57,2251.95,39.51,0.148,4.4,0.413,0.081,Premium,47
CUST_00331,Japan,26,Medium,Social Media,206,16,998.26,62.39,0.265,3.3,0.426,0.049,Standard,30
CUST_00332,UK,61,Low,Paid Search,245,20,935.88,46.79,0.201,3.7,0.44,0.069,Standard,20
CUST_00333,Australia,62,High,Organic Search,709,56,5298.7,94.62,0.224,4.6,0.321,0.069,Premium,2
CUST_00334,USA,29,Medium,Social Media,498,20,2705.56,135.28,0.137,4.2,0.449,0.059,Premium,21
CUST_00335,Japan,50,High,Paid Search,48,3,376.13,125.38,0.292,3.2,0.578,0.076,Standard,30
CUST_00336,USA,20,Medium,Referral,491,30,2109.77,70.33,0.183,4.8,0.38,0.102,Premium,46
CUST_00337,Australia,22,Low,Organic Search,129,6,249.67,41.61,0.12,4.0,0.517,0.094,Budget,27
CUST_00338,Japan,64,Medium,Paid Search,480,38,3703.67,97.46,0.216,3.2,0.365,0.089,Premium,21
CUST_00339,USA,22,Low,Organic Search,660,38,1339.51,35.25,0.105,5.0,0.463,0.072,Premium,42
CUST_00340,France,32,Medium,Direct,224,16,782.63,48.91,0.201,3.3,0.49,0.096,Standard,25
CUST_00341,USA,58,Medium,Social Media,21,2,69.05,34.52,0.148,4.1,0.437,0.098,Budget,15
CUST_00342,USA,30,Medium,Social Media,421,26,1657.02,63.73,0.172,4.3,0.359,0.067,Premium,36
CUST_00343,USA,33,Low,Organic Search,425,37,1087.29,29.39,0.322,3.4,0.418,0.084,Premium,8
CUST_00344,UK,22,Low,Referral,270,53,824.34,15.55,0.14,4.7,0.425,0.116,Standard,32
CUST_00345,USA,18,Medium,Social Media,573,57,1838.41,32.25,0.242,3.4,0.244,0.036,Premium,16
CUST_00346,USA,35,High,Email,575,149,5392.46,36.19,0.341,3.3,0.225,0.06,Premium,46
CUST_00347,Germany,59,Medium,Paid Search,26,1,158.88,158.88,0.144,4.8,0.313,0.081,Budget,3
CUST_00348,Japan,56,High,Referral,203,23,1601.05,69.61,0.236,3.7,0.552,0.089,Premium,18
CUST_00349,Japan,61,Medium,Referral,225,11,841.91,76.54,0.395,2.4,0.511,0.102,Standard,53
CUST_00350,Canada,67,Low,Email,273,28,1028.78,36.74,0.358,2.5,0.316,0.056,Premium,21
